{"cameraMode":{"drawMode":0,"name":"Shaded","section":"Shading Mode"},"sceneLighting":true,"audioPlay":false,"sceneViewState":{"m_AlwaysRefresh":false,"showFog":true,"showSkybox":true,"showFlares":true,"showImageEffects":true,"showParticleSystems":true,"showVisualEffectGraphs":true,"m_FxEnabled":true},"in2DMode":false,"pivot":{"x":8.569999694824219,"y":4.7230000495910648,"z":63.189998626708987},"rotation":{"x":0.08734748512506485,"y":0.9042375683784485,"z":-0.3494813144207001,"w":0.23045338690280915},"size":1.1137040853500367,"orthographic":false}